{"stat.chestOpened":23,"stat.craftItem.minecraft.leather_leggings":2,"stat.useItem.minecraft.bow":18,"stat.useItem.minecraft.sticky_piston":2,"stat.pickup.minecraft.redstone_torch":5,"stat.pickup.minecraft.sign":13,"stat.useItem.minecraft.stone":13,"stat.useItem.minecraft.repeater":22,"stat.leaveGame":242,"stat.drop.minecraft.redstone":1,"stat.useItem.minecraft.carpet":33,"stat.useItem.minecraft.stained_glass_pane":17,"stat.jump":10273,"stat.fallOneCm":13706,"stat.drop.minecraft.sticky_piston":1,"stat.pickup.minecraft.glowstone":1,"stat.crouchOneCm":207659,"stat.pickup.minecraft.writable_book":1,"stat.pickup.minecraft.sticky_piston":2,"stat.useItem.minecraft.redstone_torch":6,"stat.useItem.minecraft.stone_button":1,"stat.useItem.minecraft.stone_slab2":97639,"stat.drop.minecraft.glowstone":1,"stat.pickup.minecraft.bow":1,"stat.craftingTableInteraction":5,"stat.drop.minecraft.redstone_torch":2,"stat.useItem.minecraft.glass":1,"stat.pickup.minecraft.repeater":2,"stat.useItem.minecraft.dark_oak_fence":3,"stat.damageTaken":1549,"stat.noteblockTuned":328,"stat.aviateOneCm":68339249,"stat.flyOneCm":82811004,"stat.pickup.minecraft.quartz_block":1,"stat.mineBlock.minecraft.glass":3,"stat.pickup.minecraft.redstone":2,"stat.useItem.minecraft.wool":628,"stat.timeSinceDeath":1995779,"stat.hopperInspected":227,"stat.useItem.minecraft.sign":25,"stat.drop.minecraft.log":7,"stat.useItem.minecraft.crafting_table":1,"stat.cauldronFilled":1,"stat.drop.minecraft.repeater":1,"stat.pickup.minecraft.piston":1,"stat.walkOneCm":2786022,"stat.useItem.minecraft.lever":35,"stat.pickup.minecraft.wooden_axe":4,"stat.craftItem.minecraft.leather_boots":2,"stat.pickup.minecraft.carpet":6,"stat.drop.minecraft.wool":3,"stat.noteblockPlayed":16,"stat.pickup.minecraft.log":7,"stat.craftItem.minecraft.leather_helmet":3,"stat.drop.minecraft.iron_block":1,"stat.drop.minecraft.sign":11,"stat.useItem.minecraft.redstone_block":2,"stat.useItem.minecraft.redstone":159,"stat.pickup.minecraft.leather_helmet":1,"stat.sprintOneCm":937530,"stat.useItem.minecraft.stained_glass":45,"stat.useItem.minecraft.redstone_ore":32,"stat.useItem.minecraft.fireworks":725,"stat.drop.minecraft.lever":1,"stat.pickup.minecraft.fireworks":5,"stat.useItem.minecraft.cauldron":1,"stat.drop.minecraft.fireworks":4,"stat.pickup.minecraft.lever":3,"stat.deaths":2,"stat.drop":34,"stat.useItem.minecraft.writable_book":26,"stat.playOneMinute":7502372,"stat.craftItem.minecraft.leather_chestplate":1,"stat.pickup.minecraft.torch":1,"stat.useItem.minecraft.diamond_ore":1,"stat.sneakTime":375765,"stat.pickup.minecraft.wool":392,"stat.pickup.minecraft.elytra":3,"stat.pickup.minecraft.iron_block":2,"stat.drop.minecraft.wooden_axe":1,"stat.armorCleaned":1}